{
	"pattrstorage" : 	{
		"name" : "1-granmod",
		"slots" : 		{
			"1" : 			{
				"id" : 1,
				"data" : 				{
					"1-duration" : [ 99 ],
					"1-fileselect" : [ 0 ],
					"1-grsec" : [ 76 ],
					"1-loop" : [ 1 ],
					"1-phaseyness" : [ 127 ],
					"1-pitch" : [ 321 ],
					"1-posrand" : [ 0 ],
					"1-prand" : [ 4381 ],
					"1-reverb" : [ 0 ],
					"1-selbeg" : [ 218.594111871839999 ],
					"1-selend" : [ 660.929728083871396 ],
					"1-speed" : [ 423 ],
					"1-window" : [ 6 ],
					"nodey" : [ 0.063492, 0.079365, 0.414286, 1, 0.068783, 0.873016, 0.588889, 1, 0.666667, 0.100529, 0.2, 1, 0.407407, 0.910053, 0.264286, 1, 0.904762, 0.230159, 0.612698, 1, 0.230159, 0.039683, 0.096825, 1, 0.132275, 0.544974, 0.2291, 1, 0.793651, 0.746032, 0.374603, 1, 0.746032, 0.349206, 0.255556, 1 ]
				}

			}
,
			"2" : 			{
				"id" : 2,
				"data" : 				{
					"1-duration" : [ 0 ],
					"1-fileselect" : [ 1 ],
					"1-grsec" : [ 468 ],
					"1-loop" : [ 1 ],
					"1-phaseyness" : [ 0 ],
					"1-pitch" : [ 365 ],
					"1-posrand" : [ 0 ],
					"1-prand" : [ 0 ],
					"1-reverb" : [ 127 ],
					"1-selbeg" : [ 278.458059521389544 ],
					"1-selend" : [ 534.081651132515276 ],
					"1-speed" : [ 499 ],
					"1-window" : [ 6 ],
					"nodey" : [ 0.063492, 0.079365, 0.414286, 1, 0.068783, 0.873016, 0.588889, 1, 0.666667, 0.100529, 0.2, 1, 0.407407, 0.910053, 0.264286, 1, 0.904762, 0.230159, 0.612698, 1, 0.230159, 0.039683, 0.096825, 1, 0.132275, 0.544974, 0.2291, 1, 0.793651, 0.746032, 0.374603, 1, 0.746032, 0.349206, 0.255556, 1 ]
				}

			}
,
			"3" : 			{
				"id" : 3,
				"data" : 				{
					"1-duration" : [ 499 ],
					"1-fileselect" : [ 2 ],
					"1-grsec" : [ 0 ],
					"1-loop" : [ 1 ],
					"1-phaseyness" : [ 0 ],
					"1-pitch" : [ 38 ],
					"1-posrand" : [ 499 ],
					"1-prand" : [ 4999 ],
					"1-reverb" : [ 38 ],
					"1-selbeg" : [ 125816.25 ],
					"1-selend" : [ 126315.020833333328483 ],
					"1-speed" : [ 244 ],
					"1-window" : [ 6 ],
					"nodey" : [ 0.063492, 0.079365, 0.414286, 1, 0.068783, 0.873016, 0.588889, 1, 0.666667, 0.100529, 0.2, 1, 0.407407, 0.910053, 0.264286, 1, 0.904762, 0.230159, 0.612698, 1, 0.230159, 0.039683, 0.096825, 1, 0.132275, 0.544974, 0.2291, 1, 0.793651, 0.746032, 0.374603, 1, 0.746032, 0.349206, 0.255556, 1 ]
				}

			}
,
			"4" : 			{
				"id" : 4,
				"data" : 				{
					"1-duration" : [ 499 ],
					"1-fileselect" : [ 13 ],
					"1-grsec" : [ 12 ],
					"1-loop" : [ 1 ],
					"1-phaseyness" : [ 127 ],
					"1-pitch" : [ 499 ],
					"1-posrand" : [ 0 ],
					"1-prand" : [ 4999 ],
					"1-reverb" : [ 127 ],
					"1-selbeg" : [ 32334.377536016883823 ],
					"1-selend" : [ 36750.772246649161389 ],
					"1-speed" : [ 201 ],
					"1-window" : [ 6 ],
					"nodey" : [ 0.063492, 0.079365, 0.414286, 1, 0.068783, 0.873016, 0.588889, 1, 0.666667, 0.100529, 0.2, 1, 0.407407, 0.910053, 0.264286, 1, 0.904762, 0.230159, 0.612698, 1, 0.230159, 0.039683, 0.096825, 1, 0.132275, 0.544974, 0.2291, 1, 0.793651, 0.746032, 0.374603, 1, 0.746032, 0.349206, 0.255556, 1 ]
				}

			}
,
			"5" : 			{
				"id" : 5,
				"data" : 				{
					"1-duration" : [ 211 ],
					"1-fileselect" : [ 14 ],
					"1-grsec" : [ 17 ],
					"1-loop" : [ 1 ],
					"1-phaseyness" : [ 0 ],
					"1-pitch" : [ 423 ],
					"1-posrand" : [ 0 ],
					"1-prand" : [ 4999 ],
					"1-reverb" : [ 50 ],
					"1-selbeg" : [ 0.0 ],
					"1-selend" : [ 24597.333333333332121 ],
					"1-speed" : [ 196 ],
					"1-window" : [ 6 ],
					"nodey" : [ 0.063492, 0.079365, 0.414286, 1, 0.068783, 0.873016, 0.588889, 1, 0.666667, 0.100529, 0.2, 1, 0.407407, 0.910053, 0.264286, 1, 0.904762, 0.230159, 0.612698, 1, 0.230159, 0.039683, 0.096825, 1, 0.132275, 0.544974, 0.2291, 1, 0.793651, 0.746032, 0.374603, 1, 0.746032, 0.349206, 0.255556, 1 ]
				}

			}
,
			"6" : 			{
				"id" : 6,
				"data" : 				{
					"1-duration" : [ 281 ],
					"1-fileselect" : [ 19 ],
					"1-grsec" : [ 0 ],
					"1-loop" : [ 1 ],
					"1-phaseyness" : [ 0 ],
					"1-pitch" : [ 192 ],
					"1-posrand" : [ 0 ],
					"1-prand" : [ 0 ],
					"1-reverb" : [ 41 ],
					"1-selbeg" : [ 0.0 ],
					"1-selend" : [ 11851.8125 ],
					"1-speed" : [ 261 ],
					"1-window" : [ 6 ],
					"nodey" : [ 0.063492, 0.079365, 0.414286, 1, 0.068783, 0.873016, 0.588889, 1, 0.666667, 0.100529, 0.2, 1, 0.407407, 0.910053, 0.264286, 1, 0.904762, 0.230159, 0.612698, 1, 0.230159, 0.039683, 0.096825, 1, 0.132275, 0.544974, 0.2291, 1, 0.793651, 0.746032, 0.374603, 1, 0.746032, 0.349206, 0.255556, 1 ]
				}

			}
,
			"7" : 			{
				"id" : 7,
				"data" : 				{
					"1-duration" : [ 328 ],
					"1-fileselect" : [ 20 ],
					"1-grsec" : [ 36 ],
					"1-loop" : [ 1 ],
					"1-phaseyness" : [ 127 ],
					"1-pitch" : [ 201 ],
					"1-posrand" : [ 0 ],
					"1-prand" : [ 0 ],
					"1-reverb" : [ 0 ],
					"1-selbeg" : [ 0.0 ],
					"1-selend" : [ 38518.595437068302999 ],
					"1-speed" : [ 278 ],
					"1-window" : [ 6 ],
					"nodey" : [ 0.063492, 0.079365, 0.414286, 1, 0.068783, 0.873016, 0.588889, 1, 0.666667, 0.100529, 0.2, 1, 0.407407, 0.910053, 0.264286, 1, 0.904762, 0.230159, 0.612698, 1, 0.230159, 0.039683, 0.096825, 1, 0.132275, 0.544974, 0.2291, 1, 0.793651, 0.746032, 0.374603, 1, 0.746032, 0.349206, 0.255556, 1 ]
				}

			}
,
			"8" : 			{
				"id" : 8,
				"data" : 				{
					"1-duration" : [ 499 ],
					"1-fileselect" : [ 16 ],
					"1-grsec" : [ 0 ],
					"1-loop" : [ 1 ],
					"1-phaseyness" : [ 127 ],
					"1-pitch" : [ 67 ],
					"1-posrand" : [ 0 ],
					"1-prand" : [ 4999 ],
					"1-reverb" : [ 96 ],
					"1-selbeg" : [ 469.083333333333314 ],
					"1-selend" : [ 8897.4375 ],
					"1-speed" : [ 230 ],
					"1-window" : [ 6 ],
					"nodey" : [ 0.063492, 0.079365, 0.414286, 1, 0.068783, 0.873016, 0.588889, 1, 0.666667, 0.100529, 0.2, 1, 0.407407, 0.910053, 0.264286, 1, 0.904762, 0.230159, 0.612698, 1, 0.230159, 0.039683, 0.096825, 1, 0.132275, 0.544974, 0.2291, 1, 0.793651, 0.746032, 0.374603, 1, 0.746032, 0.349206, 0.255556, 1 ]
				}

			}
,
			"9" : 			{
				"id" : 9,
				"data" : 				{
					"1-duration" : [ 326 ],
					"1-fileselect" : [ 10 ],
					"1-grsec" : [ 156 ],
					"1-loop" : [ 1 ],
					"1-phaseyness" : [ 0 ],
					"1-pitch" : [ 252 ],
					"1-posrand" : [ 0 ],
					"1-prand" : [ 4999 ],
					"1-reverb" : [ 0 ],
					"1-selbeg" : [ 0.0 ],
					"1-selend" : [ 52761.645833333328483 ],
					"1-speed" : [ 194 ],
					"1-window" : [ 6 ],
					"nodey" : [ 0.063492, 0.079365, 0.414286, 1, 0.068783, 0.873016, 0.588889, 1, 0.666667, 0.100529, 0.2, 1, 0.407407, 0.910053, 0.264286, 1, 0.904762, 0.230159, 0.612698, 1, 0.230159, 0.039683, 0.096825, 1, 0.132275, 0.544974, 0.2291, 1, 0.793651, 0.746032, 0.374603, 1, 0.746032, 0.349206, 0.255556, 1 ]
				}

			}
,
			"10" : 			{
				"id" : 10,
				"data" : 				{
					"1-duration" : [ 491 ],
					"1-fileselect" : [ 5 ],
					"1-grsec" : [ 134 ],
					"1-loop" : [ 1 ],
					"1-phaseyness" : [ 0 ],
					"1-pitch" : [ 144 ],
					"1-posrand" : [ 499 ],
					"1-prand" : [ 4999 ],
					"1-reverb" : [ 0 ],
					"1-selbeg" : [ 655.354166666666629 ],
					"1-selend" : [ 7546.125 ],
					"1-speed" : [ 197 ],
					"1-window" : [ 6 ],
					"nodey" : [ 0.063492, 0.079365, 0.414286, 1, 0.068783, 0.873016, 0.588889, 1, 0.666667, 0.100529, 0.2, 1, 0.407407, 0.910053, 0.264286, 1, 0.904762, 0.230159, 0.612698, 1, 0.230159, 0.039683, 0.096825, 1, 0.132275, 0.544974, 0.2291, 1, 0.793651, 0.746032, 0.374603, 1, 0.746032, 0.349206, 0.255556, 1 ]
				}

			}

		}

	}

}
